,Neural Network,KNN,Random Forest,SVM
0,0.949999988079071,0.945,0.96,0.94
1,0.9399999976158142,0.93,0.955,0.925
2,0.9549999833106995,0.94,0.96,0.955
3,0.949999988079071,0.945,0.955,0.95
4,0.9449999928474426,0.945,0.965,0.945
