,Neural Network,KNN,Random Forest,SVM
0,0.23499999940395355,0.195,0.235,0.265
1,0.23999999463558197,0.185,0.27,0.255
2,0.23999999463558197,0.215,0.24,0.27
3,0.1899999976158142,0.21,0.205,0.17
4,0.23000000417232513,0.245,0.315,0.235
